sample,Count,amino,nuc_seq,LIB,fastq_prefix,replicate,rev_seq,condition
AlaAGC_rep1,1,Ala,AGC,0,pre,1,GCT,AlaAGC
AlaAGC_rep2,2,Ala,AGC,0,pre,2,GCT,AlaAGC
AlaAGC_rep3,3,Ala,AGC,0,pre,3,GCT,AlaAGC
AlaTGC_rep1,4,Ala,TGC,0,pre,1,GCA,AlaTGC
AlaTGC_rep2,5,Ala,TGC,0,pre,2,GCA,AlaTGC
AlaTGC_rep3,6,Ala,TGC,0,pre,3,GCA,AlaTGC
ArgACG_rep1,7,Arg,ACG,0,pre,1,CGT,ArgACG
ArgACG_rep2,8,Arg,ACG,0,pre,2,CGT,ArgACG
ArgACG_rep3,9,Arg,ACG,0,pre,3,CGT,ArgACG
ArgTCG_rep1,10,Arg,TCG,0,pre,1,CGA,ArgTCG
ArgTCG_rep2,11,Arg,TCG,0,pre,2,CGA,ArgTCG
ArgTCG_rep3,12,Arg,TCG,0,pre,3,CGA,ArgTCG
ArgTCT_rep1,13,Arg,TCT,0,pre,1,AGA,ArgTCT
ArgTCT_rep2,14,Arg,TCT,0,pre,2,AGA,ArgTCT
ArgTCT_rep3,15,Arg,TCT,0,pre,3,AGA,ArgTCT
AsnGTT-3_rep1,16,Asn,GTT,0,pre,1,AAC,AsnGTT
AsnGTT-3_rep2,17,Asn,GTT,0,pre,2,AAC,AsnGTT
AsnGTT-3_rep3,18,Asn,GTT,0,pre,3,AAC,AsnGTT
GlnCTG_rep1,19,Gln,CTG,0,pre,1,CAG,GlnCTG
GlnCTG_rep2,20,Gln,CTG,0,pre,2,CAG,GlnCTG
GlnCTG_rep3,21,Gln,CTG,0,pre,3,CAG,GlnCTG
LeuCAG_rep1,22,Leu,CAG,0,pre,1,CTG,LeuCAG
LeuCAG_rep2,23,Leu,CAG,0,pre,2,CTG,LeuCAG
LeuCAG_rep3,24,Leu,CAG,0,pre,3,CTG,LeuCAG
LysTTT_rep1,25,Lys,TTT,0,pre,1,AAA,LysTTT
LysTTT_rep2,26,Lys,TTT,0,pre,2,AAA,LysTTT
LysTTT_rep3,27,Lys,TTT,0,pre,3,AAA,LysTTT
Mock_rep1,28,Mock,Mock,0,pre,1,Mock,Mock
Mock_rep2,29,Mock,Mock,0,pre,2,Mock,Mock
Mock_rep3,30,Mock,Mock,0,pre,3,Mock,Mock
Vector_rep1,31,Vector,Vector,0,pre,1,Vector,Vector
Vector_rep2,32,Vector,Vector,0,pre,2,Vector,Vector
Vector_rep3,33,Vector,Vector,0,pre,3,Vector,Vector
iMet_rep1,34,iMet,iMet,0,pre,1,iMet,iMet
iMet_rep2,35,iMet,iMet,0,pre,2,iMet,iMet
iMet_rep3,36,iMet,iMet,0,pre,3,iMet,iMet